{"encoder": {"mse_signal_LLW": 0.6352474434617709, "coverage_LLW": 0.8595238095238096, "coverage_LL": 53.957142857142856, "acc_polluted_LL": 0.4714285714285714, "hole_LL": 0.7428571428571429}}