{"dt": {"mse signal LLW": 0.018175994348294873, "coverage LLW": 0.9484848484848485, "coverage LL": 0.23636363636363636, "acc polluted LL": 0.8909090909090909, "hole LL": 0.9636363636363636}}