{"knn": {"mse signal LLW": 0.018232457245325673, "coverage LLW": 0.9636363636363636, "coverage LL": 0.11931818181818182, "acc polluted LL": 0.9090909090909091, "hole LL": 0.9454545454545454}}