{"svm": {"mse signal LLW": 0.13677060026896076, "coverage LLW": 0.8272727272727273, "coverage LL": 0.15318776010839, "acc polluted LL": 0.8909090909090909, "hole LL": 0.9272727272727272}}