{"set": 1, "model_loss_start": 1.354494571685791, "best": 0.5207363367080688}